{
  "1": {
    "pdr_mean": 0.9976400693945792,
    "pdr_std": 0.0010506036660012422,
    "delay_mean": 61.40590286254883,
    "delay_std": 0.5046883225440979,
    "steps": 50
  },
  "2": {
    "pdr_mean": 0.9976400693945792,
    "pdr_std": 0.0010506036660012422,
    "delay_mean": 61.412452697753906,
    "delay_std": 0.5072126984596252,
    "steps": 50
  },
  "5": {
    "pdr_mean": 0.9976400693945792,
    "pdr_std": 0.0010506036660012422,
    "delay_mean": 61.47483444213867,
    "delay_std": 0.5187767744064331,
    "steps": 50
  },
  "10": {
    "pdr_mean": 0.9976400693945792,
    "pdr_std": 0.0010506036660012422,
    "delay_mean": 61.70841979980469,
    "delay_std": 0.5866069793701172,
    "steps": 50
  },
  "20": {
    "pdr_mean": 0.9976400693945792,
    "pdr_std": 0.0010506036660012422,
    "delay_mean": 62.472618103027344,
    "delay_std": 1.1801265478134155,
    "steps": 50
  },
  "50": {
    "pdr_mean": 0.9976400693945792,
    "pdr_std": 0.0010506036660012422,
    "delay_mean": 66.46202850341797,
    "delay_std": 3.4657886028289795,
    "steps": 50
  }
}